Subject,Gender,Condition,SegmentType,AlphaPower,BetaPower,BetaAlphaRatio,AlphaLateralization,AttentionEngagement,NormAlphaLateralization,NormAttentionEngagement
JKH,F,长,前段,2.2711542911084472,0.39221937741253865,0.17269605105565689,0.06669266528736895,0.17269605105565689,0.29251856604708826,2.776425307423246
JKH,F,长,中段,1.8018525565741186,0.3417332166868107,0.1896565928438405,0.014688880123305381,0.1896565928438405,-0.14754340699112514,4.260596823749233
JKH,F,长,后段,2.1159795037895153,0.33450658452083737,0.15808592848927333,0.19234542215947936,0.15808592848927333,-258.91611306022065,2.244606101971641
JKH,F,漫,前段,2.3038439265584882,0.40091131484942677,0.17401843511522644,-0.08009365771576915,0.17401843511522644,-0.3512962303055586,2.797685206226252
JKH,F,漫,中段,2.2189879836658735,0.3079744455797025,0.1387904972206808,0.06274989672541542,0.1387904972206808,-0.6302953985252943,3.1179003205646487
JKH,F,漫,后段,2.449544185043172,0.4274682513988554,0.17450930422441902,0.11326043391156304,0.17450930422441902,-152.45983492958678,2.4777957966039645
JKH,F,短,前段,2.24578882837852,0.45462020734437386,0.202432304230765,0.06738967883809988,0.202432304230765,0.2955757148879191,3.254493481875638
JKH,F,短,中段,2.4070943902661757,0.5034629497531274,0.20915795898533696,-0.013125257275860669,0.20915795898533696,0.13183749610993242,4.6986910518240945
JKH,F,短,后段,2.3185904435145797,0.427882594262893,0.18454427579469249,0.010923190667794014,0.18454427579469249,-14.703703567095893,2.6202788033775635
XLL,F,长,前段,10.880108000337577,1.2052283606696752,0.11077356590874655,-0.7870680310439724,0.11077356590874655,1.6598281632194987,1.0235378897114218
XLL,F,长,中段,8.71523255128021,1.0048127798482172,0.11529385750017845,-0.2083653776237604,0.11529385750017845,0.5692903718963184,0.7603347395424851
XLL,F,长,后段,11.060093087205733,1.1422383057016252,0.10327565027666553,0.11531255710730015,0.10327565027666553,-0.5575247481011094,0.783087785724882
XLL,F,漫,前段,11.102177958357359,0.8885826426783671,0.08003678611631972,-1.7621881978039706,0.08003678611631972,3.7162347906932474,0.7395327801243413
XLL,F,漫,中段,10.869790789991958,0.7845901546317142,0.07218079628120375,-2.061976940836015,0.07218079628120375,5.633678842795951,0.47601466487799043
XLL,F,漫,后段,10.843656076766758,0.7340899922932498,0.06769764617176356,-1.633252110387529,0.06769764617176356,7.89661155967693,0.5133175118957432
XLL,F,短,前段,16.352763489465566,0.8108038067500233,0.04958206649734415,-1.933219346317916,0.04958206649734415,4.076918119064087,0.45813388143547995
XLL,F,短,中段,16.11017893057373,0.9205762049797299,0.057142518959405836,-2.3513104220967183,0.057142518959405836,6.4241881252276185,0.37684091079816723
XLL,F,短,后段,15.623371727409301,0.9128108335771459,0.058425981888130495,-1.9340643883231259,0.058425981888130495,9.351009013769527,0.44301510242744696
CQY,F,长,前段,3.6798918776273375,0.6017341971437868,0.16351953186509477,0.8832027843753334,0.16351953186509477,0.7766924540324056,3.8836462179699014
CQY,F,长,中段,3.9161020914375415,0.5168212908735034,0.13197339568943314,1.2447748688944467,0.13197339568943314,1.0331728226846377,4.072527558923939
CQY,F,长,后段,3.8631887850758453,0.47019469353102455,0.12171154962642948,0.9781984806581789,0.12171154962642948,1.0216039721384644,3.055490145436962
CQY,F,漫,前段,2.716684228815182,0.4102866233998921,0.15102477463081124,0.2211070053931632,0.15102477463081124,0.19444248326734384,3.5868913525180415
CQY,F,漫,中段,4.620803586836636,0.7761780727311051,0.16797469490852568,0.2364188348920031,0.16797469490852568,0.19622947175831587,5.1834808875163665
CQY,F,漫,后段,3.249237387324532,0.5423154611323935,0.16690546010826982,0.3923362587214352,0.16690546010826982,0.4097453515303731,4.190054190795541
CQY,F,短,前段,4.5430947165453315,0.6540780707875175,0.14397192037521347,0.5632654724653863,0.14397192037521347,0.49533815995641867,3.419383590948354
CQY,F,短,中段,7.197232466349178,0.8130700151501803,0.11296981429343952,0.3668780806947449,0.11296981429343952,0.30451166044922306,3.486101722495795
CQY,F,短,后段,6.239475439620468,1.0464327131435136,0.16771164872269545,0.11433531893337179,0.16771164872269545,0.11940870721804689,4.210293037267397
ZLL,F,漫,前段,7.157103691279559,0.5092005438981841,0.07114617390811455,0.38337384420038934,0.07114617390811455,0.5979443255979034,2.722219269508647
ZLL,F,漫,中段,5.974568806432386,0.49315310870217577,0.08254204189116267,0.3578415020684673,0.08254204189116267,0.6521258178774383,3.0244124152554255
ZLL,F,漫,后段,13.190138912748012,1.583068526440433,0.1200190943334515,0.1170527364587084,0.1200190943334515,0.05428661983903842,4.567399938098701
ZLL,F,长,前段,6.399338551667122,0.5992781952277955,0.09364689653302913,3.8989203937026042,0.09364689653302913,6.081106889894729,3.583149623775043
ZLL,F,长,中段,7.248097498312359,0.5561386177338709,0.07672890960191439,3.70564334273812,0.07672890960191439,6.753117460318544,2.8114141774567187
ZLL,F,长,后段,7.758927701067476,0.6441627765193232,0.08302213931323256,4.870624161061526,0.08302213931323256,2.2588939841116478,3.1594582184277615
ZLL,F,短,前段,10.166865132230946,0.6602543853896831,0.06494178655882311,0.8954457238635953,0.06494178655882311,1.396617681578915,2.484824876107395
ZLL,F,短,中段,11.211499641385192,0.7406945686749785,0.06606561052197162,0.810805933138095,0.06606561052197162,1.477602455923048,2.4207015977087547
ZLL,F,短,后段,12.32269487891256,0.7853406694039632,0.06373124362170907,2.5492598621158233,0.06373124362170907,1.1822935985304368,2.4253314007187625
LR,F,漫,前段,3.05866526082442,0.4334723664470864,0.1417194525988274,-0.09729838161963178,0.1417194525988274,-0.3913156646175589,1.073989858814659
LR,F,漫,中段,2.5095158337406707,0.39764386810833247,0.15845441688869788,-0.11984204837670243,0.15845441688869788,0.662566427476059,1.0088671946397567
LR,F,漫,后段,2.9765510698222135,0.4413927945825691,0.14829001224189747,0.05846932400719851,0.14829001224189747,-0.8431418945440319,0.9511940121813951
LR,F,长,前段,2.630931372885503,0.4547009365839934,0.1728288853408195,0.3271787315751644,0.1728288853408195,1.3158508976600785,1.3097458871204912
LR,F,长,中段,2.5402254420653905,0.441293009396433,0.17372198628072524,0.032938364379324625,0.17372198628072524,-0.182105151817118,1.1060746452362389
LR,F,长,后段,2.0572729605129125,0.3770232554483812,0.1832636031702779,0.31281997777936565,0.1832636031702779,-4.510940278420942,1.1755292170452998
LR,F,短,前段,3.901770928914337,0.6032449120933338,0.15460797752706254,-0.14652817912151628,0.15460797752706254,-0.5893085870872048,1.1716627245657576
LR,F,短,中段,4.040181715225939,0.5777562816221092,0.14300254848556962,0.12409800716052821,0.14300254848556962,-0.6860961939067953,0.910486326287209
LR,F,短,后段,3.3755040026425,0.5953866954182163,0.17638453248822109,0.3651894064138901,0.17638453248822109,-5.266120195836529,1.1314039874143842
XJC,M,漫,前段,2.426739894085922,0.42809233200264174,0.17640635201404264,0.19181279371473892,0.17640635201404264,-0.8184484105203469,1.0088388839715168
XJC,M,漫,中段,2.5056716768823684,0.4298595278879427,0.17155461022841859,0.004739487912134077,0.17155461022841859,-0.237312223437736,0.9499493266608058
XJC,M,漫,后段,2.068067454458143,0.4353487417537079,0.21050993323028439,0.21204815234386043,0.21050993323028439,-0.6858768756679254,1.1456430716119088
XJC,M,长,前段,3.7788194866053795,0.5840730755054998,0.15456495807112214,2.163680110349892,0.15456495807112214,-9.232233746743479,0.8839315479363374
XJC,M,长,中段,3.251274768818322,0.49393907545780447,0.15192166475592186,0.8856643446619175,0.15192166475592186,-44.34634685176493,0.8412358195907574
XJC,M,长,后段,6.422170335414949,0.5718692680645642,0.08904610718762797,-0.1338483051674917,0.08904610718762797,0.43293684168894053,0.4846092257409983
XJC,M,短,前段,7.5355530540184334,1.1937121596373095,0.15841069010863731,2.335277790315188,0.15841069010863731,-9.964426035363399,0.9059246563050852
XJC,M,短,中段,5.590656661694039,0.6873223789020982,0.12294126083819122,4.741626440927533,0.12294126083819122,-237.4193023104474,0.6807626317740537
XJC,M,短,后段,5.188899180612882,0.862401107181416,0.16620116852599057,0.9639177525548952,0.16620116852599057,-3.1178243677931397,0.9045046677550889
XBM,M,漫,前段,4.509257125947622,0.5505612329831661,0.12209577267507571,0.11090812685289642,0.12209577267507571,-0.12372541950076024,2.46088318568038
XBM,M,漫,中段,4.9526389337413175,0.6266505945120451,0.12652862502105747,0.5089972343499314,0.12652862502105747,-1.9736084952442647,2.441877675118287
XBM,M,漫,后段,5.369411895735772,1.0603956478793723,0.19748822933876747,-0.028931871071939064,0.19748822933876747,0.10279650486135415,4.401983436175936
XBM,M,长,前段,5.674238216525788,0.5909149206545946,0.10413995643214269,-0.023231383530554872,0.10413995643214269,0.025916159207280763,2.0989774021362395
XBM,M,长,中段,13.379381731756805,1.4207467774231544,0.10618926987118713,0.28853473552272035,0.10618926987118713,-1.1187774053978508,2.049348180243077
XBM,M,长,后段,8.35534687371049,0.6952109796070727,0.08320551978452326,1.103870966357361,0.08320551978452326,-3.9221133288375643,1.8546387352614784
XBM,M,短,前段,5.877727578830309,0.6732164879981208,0.11453686462483066,-0.14854297373271397,0.11453686462483066,0.16570960361946174,2.308530738782361
XBM,M,短,中段,5.693827281399029,0.5690611414487473,0.09994352011832074,-0.009932815324777522,0.09994352011832074,0.038513939533895584,1.9288113698307152
XBM,M,短,后段,6.193905370698995,0.8216582912658056,0.13265593225766054,-0.16724279931719277,0.13265593225766054,0.5942227238013212,2.956881118757734
LLX,F,漫,前段,7.572238989811602,0.6657048573043631,0.08791387305657741,-2.668245850870468,0.08791387305657741,-53.99649061027549,0.5681726327404745
LLX,F,漫,中段,7.778929159879356,0.5877553300135279,0.07555735730888741,-2.330081986179251,0.07555735730888741,12.016651169077221,0.5997945565316772
LLX,F,漫,后段,7.058814551742027,0.5022747370164317,0.07115567824238654,-2.1093057627065797,0.07115567824238654,19.94339157818643,0.48949694695544493
LLX,F,长,前段,5.111264950382963,0.513380067969143,0.10044090317225247,-0.8424605352464853,0.10044090317225247,-17.04862105046438,0.6491327296373749
LLX,F,长,中段,4.1996102747825725,0.4333238908713078,0.10318192939789927,-0.6499581491630879,0.10318192939789927,3.3519508752560463,0.819085814929849
LLX,F,长,后段,4.627177832886859,0.5020927426794137,0.10850949775711606,-0.8195269529263891,0.10850949775711606,7.748590659571685,0.7464628147713591
LLX,F,短,前段,6.640565881813936,0.546405714328339,0.08228300480004919,-1.903520810063049,0.08228300480004919,-38.520979434298425,0.5317812745771562
LLX,F,短,中段,7.091202268325587,0.5448902810623926,0.07684032417129952,-1.9631902119505158,0.07684032417129952,10.124524413941069,0.6099790914028406
LLX,F,短,后段,8.317163027127659,0.5598670963096714,0.06731467141903819,-2.310718016538458,0.06731467141903819,21.847735423367023,0.463073741391169
CDQ,F,漫,前段,12.02090521972525,3.127299039188916,0.26015503674858803,-0.34686526022242603,0.26015503674858803,0.5986355374228127,1.6012703026737733
CDQ,F,漫,中段,6.298828503810591,1.173187396742943,0.1862548561265324,0.028333400481388438,0.1862548561265324,-0.028246025028880514,1.5252368011087527
CDQ,F,漫,后段,5.247177148013085,1.0659527936033666,0.2031478571305724,0.2303957325913446,0.2031478571305724,-0.2891045404438726,0.9447876956383513
CDQ,F,短,前段,15.285932589195909,4.133567064147805,0.2704164132628328,1.9114493584651129,0.2704164132628328,-3.2988645597645037,1.6644297082427428
CDQ,F,短,中段,50.825896111102026,16.670663084759035,0.3279954582270045,2.9818004804273386,0.3279954582270045,-2.972605108116245,2.6859473835382657
CDQ,F,短,后段,8.350462512461247,2.3994123590303134,0.28733885763210276,1.0174559213613836,0.28733885763210276,-1.276721245045015,1.3363380790923223
CDQ,F,长,前段,16.597528702766823,6.98800636465461,0.42102691851285684,1.806280036291387,0.42102691851285684,-3.1173586526595667,2.5914466606787596
CDQ,F,长,中段,22.93912242654692,11.576515918794547,0.5046625456515856,1.0638735578297407,0.5046625456515856,-1.0605927503040908,4.132670163757275
CDQ,F,长,后段,14.659053803194638,6.238138997683793,0.425548543680515,1.4153028993869832,0.425548543680515,-1.7759464974201773,1.9791152791129478
LZX,F,短,前段,4.336711868393174,0.47668275236581176,0.10991801319335308,0.582741506855311,0.10991801319335308,0.5096443635862411,3.736557912407343
LZX,F,短,中段,4.113562803346644,0.42433490311863215,0.10315508074251566,0.5471603285812954,0.10315508074251566,0.36401392685128847,2.920598215313303
LZX,F,短,后段,3.360031651341817,0.45981220366014947,0.13684758102695999,1.306303850714146,0.13684758102695999,1.440822936135151,4.231713819697152
LZX,F,长,前段,2.7277431669479233,0.41054040623751464,0.15050552090535307,1.8083869714042926,0.15050552090535307,1.5815489652221106,5.116291485460486
LZX,F,长,中段,2.92250480582699,0.3779661675889563,0.12932952816205961,1.7368988179604363,0.12932952816205961,1.1555211996244006,3.6616673305723535
LZX,F,长,后段,2.7820447844066756,0.4181495618048337,0.15030295851042963,2.2263027894896945,0.15030295851042963,2.455560488568406,4.647792104886737
LZX,F,漫,前段,5.645729765534249,0.5511780047766822,0.0976274153505335,0.5476950530663958,0.0976274153505335,0.47899401960509563,3.3187507733989277
LZX,F,漫,中段,5.24119467719878,0.5070619315328608,0.09674548700485712,-0.0806634296533355,0.09674548700485712,-0.05366363430904461,2.7391253504156907
LZX,F,漫,后段,5.8173073518519205,0.5316269718331711,0.09138712116765317,0.5172552016855985,0.09138712116765317,0.5705205247740704,2.8259479684285287
HX,M,长,前段,4.208406493174023,0.716817666430511,0.17032994973113444,-0.8805247825741791,0.17032994973113444,1.2579953710098113,1.2072644689557235
HX,M,长,中段,3.731529197447678,0.5630290943924704,0.1508842795006336,-0.7402043129563034,0.1508842795006336,0.9023353233292829,1.3076675037289653
HX,M,长,后段,3.273421543833885,0.6015622607756784,0.18377170575810375,-0.16813710847516727,0.18377170575810375,0.2273217823119698,1.4883191661288708
HX,M,短,前段,3.1635249704486528,0.4862802292373473,0.15371468023164767,-0.17178660524636724,0.15371468023164767,0.24542949667996883,1.0894987763073238
HX,M,短,中段,3.820867589301405,0.5473750489143233,0.14325936089672336,-0.8592049190725084,0.14325936089672336,1.0474012848708842,1.2415846864208178
HX,M,短,后段,4.552355721841435,0.610160782719911,0.13403187712077563,-0.6640232646857873,0.13403187712077563,0.8977610795970118,1.0854892529193576
HX,M,漫,前段,3.4862583747921776,0.5999986530563942,0.17210389723112857,-0.9205044494174448,0.17210389723112857,1.315113849465704,1.219837852496999
HX,M,漫,中段,4.228382733474401,0.6345685445255222,0.1500735823892901,-1.2482276103083003,0.1500735823892901,1.521633749792226,1.300641441959115
HX,M,漫,后段,3.9767183544629168,0.6096932455459818,0.15331567166725465,-1.4356834036622623,0.15331567166725465,1.9410474767646082,1.2416636808641803
JF,M,长,前段,4.664526480307509,0.7820706565289284,0.16766346162480578,0.03661107603352054,0.16766346162480578,0.15901814423119,3.587106433362621
JF,M,长,中段,3.00250844548206,0.6151393046330348,0.2048751288472305,0.28347989602878876,0.2048751288472305,0.8845394994140557,4.791296226758699
JF,M,长,后段,3.4976040875933863,0.7126295672481164,0.2037479226925478,-0.034381640963941695,0.2037479226925478,1.3824625684770746,2.846432289091348
JF,M,短,前段,4.589466333357917,0.717985505865625,0.1564420465723965,-1.0463542149128733,0.1564420465723965,-4.54478052793601,3.347027827470506
JF,M,短,中段,3.2242611967298296,0.5413681042861309,0.16790454347656678,-0.566351813350582,0.16790454347656678,-1.7671819289170743,3.9266865145685608
JF,M,短,后段,4.065558831388577,0.6496642859580919,0.1597970446134711,-0.6956313369181784,0.1597970446134711,27.970866363174117,2.232422600820908
JF,M,漫,前段,3.046132149333603,0.5626920527242774,0.1847234542491456,-0.3433710612245173,0.1847234542491456,-1.4914128415298178,3.9520995493513125
JF,M,漫,中段,2.9227464982195785,0.5100078237000318,0.1744960857914665,-0.46854372081876816,0.1744960857914665,-1.4619923108217288,4.080839104976199
JF,M,漫,后段,2.9750287142796754,0.5165327889364759,0.1736227910867545,-0.5263055700365808,0.1736227910867545,21.16239160660314,2.4255732875237572
LJC,F,漫,前段,4.09081457713739,0.5457833034010998,0.1334167787636613,0.5687680769260481,0.1334167787636613,0.7649689702678688,2.4051403765979242
LJC,F,漫,中段,4.070540128316547,0.37283239712560784,0.09159285632194471,1.3452346995265456,0.09159285632194471,-1.4636142481631018,1.3877543507911085
LJC,F,漫,后段,4.55988587785734,0.48650860180646505,0.10669315303896863,1.4192520750365816,0.10669315303896863,-1.432104493932718,1.6645868735087672
LJC,F,长,前段,4.310789697991825,0.5479996208442166,0.12712279170090376,1.6927469205711656,0.12712279170090376,2.276672902867217,2.291676968511608
LJC,F,长,中段,4.40307753751371,0.5758377376703345,0.13078073978126978,2.072321339740432,0.13078073978126978,-2.2546839155160314,1.9815032298283446
LJC,F,长,后段,4.239999010832618,0.5181625272413414,0.12220817172775439,2.311785411868149,0.12220817172775439,-2.3327204064571414,1.9066464219988495
LJC,F,短,前段,6.887883378167862,0.6002008605208417,0.08713865023081904,1.8519084539488322,0.08713865023081904,2.490738423126715,1.570872029549183
LJC,F,短,中段,5.270190435787104,0.5388255846236985,0.10224024941581163,2.32179226017203,0.10224024941581163,-2.526108072040211,1.5490766054291796
LJC,F,短,后段,4.3850971100061304,0.46551663050542647,0.10615879621985741,1.1527012468562567,0.10615879621985741,-1.1631398430346795,1.6562500372495785
LXY,F,短,前段,3.2254956407082487,0.6528545007448133,0.20240439717396755,1.4710587664442771,0.20240439717396755,3.8692484938352507,8.632454690609642
LXY,F,短,中段,5.082917551141891,0.6644730923536264,0.13072671072627387,2.1551881680465055,0.13072671072627387,-17.238798723064303,3.7696240281426365
LXY,F,短,后段,4.300547310810646,0.5637404633760569,0.13108574854157173,1.5990707060152962,0.13108574854157173,86.40661230152358,3.334095049521315
LXY,F,漫,前段,5.515314086319597,0.5743433722440434,0.1041361132394377,2.104003251663369,0.1041361132394377,5.534049079630248,4.441357459358893
LXY,F,漫,中段,5.154296119946027,0.5814256909755886,0.11280409146955976,1.8571756554147925,0.11280409146955976,-14.855072884930479,3.2528089425184965
LXY,F,漫,后段,6.41306737749705,0.659505051063625,0.10283769251790124,2.8571533280288275,0.10283769251790124,154.38775719691859,2.6156210369382284
LXY,F,长,前段,3.8169588621651585,0.6041082077571817,0.1582695097254737,4.379413368508274,0.1582695097254737,11.518940620530588,6.750121986904523
LXY,F,长,中段,4.643558908498616,0.6638101089293775,0.14295287774092322,3.588369705895871,0.14295287774092322,-28.702451146040975,4.122176713775567
LXY,F,长,后段,3.8484706545974703,0.5820155164214359,0.1512329360563389,3.516179004865845,0.1512329360563389,189.99855035384144,3.8465278570698804
MPX,M,短,前段,6.211999031196205,0.4283341721972159,0.06895271072100188,-1.2601539675917444,0.06895271072100188,1.1887531845725525,0.5643460575423772
MPX,M,短,中段,7.754092887815881,0.4882119921833823,0.06296184469888372,-1.8670350528766635,0.06296184469888372,2.86399852923902,0.556432081380121
MPX,M,短,后段,4.8509604339731505,0.46122478818528506,0.09507906618968681,-0.9594338870413952,0.09507906618968681,-5.608272678607829,0.5409682528996601
MPX,M,漫,前段,5.803159236488898,0.41754856392986994,0.07195193978211437,-1.1249356758894677,0.07195193978211437,1.061196410553318,0.5888933607391146
MPX,M,漫,中段,5.050417924896498,0.3518636505478162,0.06967020468014579,-1.338173346304575,0.06967020468014579,2.0527340875459923,0.6157179349772114
MPX,M,漫,后段,4.34928422808377,0.3839880209802479,0.08828763558398835,-1.2856063379082405,0.08828763558398835,-7.514880386984673,0.5023272723275087
MPX,M,长,前段,2.950680156030841,0.623770292298027,0.21139881631125435,0.2148398502218587,0.21139881631125435,-0.20266694601803184,1.7302015730332134
MPX,M,长,中段,2.2003255766653878,0.5513559668883853,0.25057926551213844,0.2094349255132868,0.25057926551213844,-0.3212694468254107,2.2145212378457075
MPX,M,长,后段,2.414782372794761,0.5067419526140765,0.20984994686191785,0.3438248056687194,0.20984994686191785,2.0097927433079392,1.1939763785489503
QJY,F,长,前段,3.634973117898416,0.6913694243097579,0.19019932249443366,0.1013001614847866,0.19019932249443366,-0.04911535500348461,4.338025903611062
QJY,F,长,中段,3.2808166734750364,0.5006564952616203,0.15260117985541863,0.6455733430718547,0.15260117985541863,-0.536370636998085,3.846996533033639
QJY,F,长,后段,3.0147900809992376,0.44299297774816415,0.14693990820128222,1.5218384725914125,0.14693990820128222,-1.6857757527945185,4.1285340503560475
QJY,F,短,前段,4.853709090247423,0.7722994436264893,0.15911531351936062,0.12721754304306554,0.15911531351936062,-0.061681390213475934,3.629068403902345
QJY,F,短,中段,3.4665687150588047,0.6288699572356561,0.18140992114301369,-0.4350152529338729,0.18140992114301369,0.36142974431032854,4.573249947059952
QJY,F,短,后段,4.646217279052673,0.5746912235462223,0.12369013092375165,-1.0161171210993967,0.12369013092375165,1.125576488963314,3.475290841424727
QJY,F,漫,前段,4.622436028366047,0.649414269487797,0.14049178084944833,-0.7539732812261186,0.14049178084944833,0.365563734823112,3.2043068112778985
QJY,F,漫,中段,4.351764624855211,0.5738003981910972,0.13185464924132662,-0.9460109135619135,0.13185464924132662,0.7859873425069024,3.323987265212082
QJY,F,漫,后段,3.328434223756619,0.5545853615811493,0.16662049609477322,-0.14792252048506116,0.16662049609477322,0.16385720483287886,4.681494632977356
QWJ,F,短,前段,2.865597510452932,0.3432918971971437,0.1197976673084433,-0.011837826252130146,0.1197976673084433,0.020148278389439424,1.1157900178116436
QWJ,F,短,中段,2.7621525169173724,0.3059453506435323,0.11076338064958648,-0.09938996852991266,0.11076338064958648,0.2627225531624628,1.6504503670026
QWJ,F,短,后段,2.949659065355658,0.3459532466345133,0.11728584184450473,-0.06334467438735691,0.11728584184450473,0.2552463984430699,2.013623075597294
QWJ,F,长,前段,2.038016783455764,0.29577878926059237,0.14513069355545488,1.0211058267200048,0.14513069355545488,-1.7379478312693826,1.351740670628601
QWJ,F,长,中段,2.645434014490811,0.32142488269019215,0.12150175771897281,0.8624301043315468,0.12150175771897281,-2.2797053091526136,1.8104595529920597
QWJ,F,长,后段,2.352271677922576,0.27385702827516734,0.11642236347334929,1.823289462176688,0.11642236347334929,-7.346917054051338,1.9987984390845346
QWJ,F,漫,前段,10.578274806158753,0.9325405927301724,0.08815620787117764,-5.524142680768232,0.08815620787117764,9.402229955442573,0.8210829055421482
QWJ,F,漫,中段,2.9898061476950226,0.30332382810078057,0.10145267389145837,0.18082155644267717,0.10145267389145837,-0.4779748064930015,1.5117144481828138
QWJ,F,漫,后段,3.1743861319447944,0.26095457401368116,0.08220631113134519,0.28692092702513117,0.08220631113134519,-1.1561434953990202,1.4113598235775733
RHY,M,长,前段,4.7268486744260745,0.7241402981188684,0.15319726693107902,0.7331857710611089,0.15319726693107902,-1.1457808621078187,1.6501589630930569
RHY,M,长,中段,6.4003175722037895,0.6551788144385762,0.10236661025758785,2.895868139361326,0.10236661025758785,-6.2265594307828005,1.1502488912092503
RHY,M,长,后段,2.8918901474981142,0.3821505607888819,0.13214560073089052,2.3351435390176993,0.13214560073089052,-3.2045899975223393,1.3756700773123833
RHY,M,漫,前段,3.402976984811043,0.3549758416803364,0.10431332426423892,0.09690919463910053,0.10431332426423892,-0.15144415639581255,1.1236072970029316
RHY,M,漫,中段,3.794908841290622,0.3505391847437258,0.09237091044972502,0.21401927442782265,0.09237091044972502,-0.4601741748682496,1.0379315780548617
RHY,M,漫,后段,4.2849015424760175,0.37010309514783757,0.08637376879702459,0.7718821119617507,0.08637376879702459,-1.0592777933897692,0.8991734007153279
RHY,M,短,前段,5.096426065582653,0.5664629630056309,0.11114905930473251,-0.48803867711789906,0.11114905930473251,0.7626789802546499,1.1972381761456679
RHY,M,短,中段,4.901515766226963,0.43950118993793014,0.08966638299242782,-0.38925081429694774,0.08966638299242782,0.8369487877424839,1.0075419842100222
RHY,M,短,后段,3.9568416596514453,0.41579907534632177,0.10508357703223059,0.42602655628260777,0.10508357703223059,-0.5846494736321153,1.093947371237746
SYY,M,漫,前段,2365.1781171358116,107.79327227955041,0.04557511821142931,-2129.266646586451,0.04557511821142931,15.33338241730593,0.9008909945515339
SYY,M,漫,中段,110.7312855232708,5.701358091707435,0.05148823175641055,-99.80922374250616,0.05148823175641055,0.7890954839054153,1.3828041937993547
SYY,M,漫,后段,161.71073277144532,5.925357218663524,0.036641706565254124,-145.09972465184,0.036641706565254124,1.5334192875884813,0.885027853577361
SYY,M,短,前段,58.63850293843534,1.802533786224748,0.03073976476031851,-19.036489371382174,0.03073976476031851,0.13708652783451725,0.6076380782761996
SYY,M,短,中段,48.507504235147636,1.489212127382278,0.03070065448354324,-20.886506296863033,0.03070065448354324,0.16512950582539815,0.8245183865134957
SYY,M,短,后段,40.250750713587614,1.3733811061243686,0.03412063332425625,-21.601687544618237,0.03412063332425625,0.22828743751828626,0.8241349463319478
SYY,M,长,前段,328.740274731447,19.255154484655822,0.05857254484679632,-221.94717965560199,0.05857254484679632,1.5982972294981064,1.157813303646279
SYY,M,长,中段,69.8155522403006,3.913342580778498,0.056052590793939816,-46.16172642849097,0.056052590793939816,0.3649563486033464,1.505387832891129
SYY,M,长,后段,42.9605527580711,1.7717874028561167,0.04124219287479365,-26.918009902810432,0.04124219287479365,0.2844705299579893,0.9961460002360841
WBB,F,短,前段,5.0368070743366875,0.376175648772034,0.07468533998228903,1.5651901937729047,0.07468533998228903,-0.6456812718657119,2.3308279945703454
WBB,F,短,中段,3.8882303959717577,0.390348290933038,0.10039227390883072,2.0094220054492897,0.10039227390883072,3.5537092595041333,2.0545351803321155
WBB,F,短,后段,3.144659874688998,0.36139493919020665,0.11492337918610293,1.9551913824975364,0.11492337918610293,-6.859175213505674,2.3160774191573985
WBB,F,漫,前段,3.9193765220355985,0.35254415296160424,0.08994903933815068,4.598548861157576,0.08994903933815068,-1.897019856897755,2.8071873144554056
WBB,F,漫,中段,3.6658264959325138,0.3549236513648608,0.09681954444889113,3.848010543653099,0.09681954444889113,6.805295583787538,1.9814190123297766
WBB,F,漫,后段,2.9230664050540236,0.3559786592866001,0.12178261112067379,3.398621004681538,0.12178261112067379,-11.92299493752537,2.454313105481039
WBB,F,长,前段,4.841028171814428,0.40588658019541063,0.08384305271317673,2.061003985750828,0.08384305271317673,-0.8502172324707118,2.6166277673831635
WBB,F,长,中段,4.379639608136303,0.38447803561319255,0.087787596700634,1.6030845903978168,0.087787596700634,2.8350921494916816,1.7965795453747064
WBB,F,长,后段,3.5562319214917286,0.3552649988026753,0.09989927728157075,1.1769164588313634,0.09989927728157075,-4.128841951252376,2.0132932214541825
WH,F,短,前段,4.212492263200743,0.6168049820378823,0.1464228165891563,0.4111380659647743,0.1464228165891563,-6.626490414925629,1.0713831820216737
WH,F,短,中段,3.4500954339304557,0.7053086931305635,0.20443164736665095,0.07820527204553374,0.20443164736665095,-0.3176815075032284,1.4410865418998682
WH,F,短,后段,3.844295772043728,0.7273219782773572,0.18919511437349523,0.30537460990959575,0.18919511437349523,-1.4079202029362197,1.066756718741279
WH,F,长,前段,4.644450580778779,0.9611045993909504,0.2069361235898419,0.8914847122168759,0.2069361235898419,-14.36844551646064,1.5141621212560004
WH,F,长,中段,4.600021727759365,1.030809608010954,0.22408798675676112,1.0236684123185489,0.22408798675676112,-4.158294139293452,1.5796486800178478
WH,F,长,后段,3.706724201251455,1.0027942079922563,0.2705338065491075,0.9506283364815431,0.2705338065491075,-4.382842571005633,1.5253763647046035
WH,F,漫,前段,4.998962468917958,0.8739022722194125,0.1748167300020901,0.5381016944377013,0.1748167300020901,-8.672818246783729,1.2791428878587339
WH,F,漫,中段,5.401257208075121,1.043189330739853,0.1931382436630195,0.2912421862702317,0.1931382436630195,-1.1830693041895395,1.3614766952876338
WH,F,漫,后段,5.072120795367425,1.1112176474837836,0.21908343517739245,0.8193494410843059,0.21908343517739245,-3.7775852802844474,1.2352788665516599
WJF,M,长,前段,5.51351949076752,1.0157880472316525,0.18423586765814587,0.8093862574359836,0.18423586765814587,0.5583834313929729,5.2800633273553705
WJF,M,长,中段,22.73801818485371,7.633006217288203,0.33569355760181047,-1.3445035483983538,0.33569355760181047,-0.8561529833341858,8.140856515107016
WJF,M,长,后段,6.9420756159729065,1.7253666214356786,0.2485375724611543,1.5348096424216537,0.2485375724611543,1.267991795439936,7.243126646690677
WJF,M,短,前段,4.790308341081998,0.6826805191558961,0.14251285523756024,1.1786010850124473,0.14251285523756024,0.8130991996053046,4.084312735524365
WJF,M,短,中段,2.898422228068376,0.6711034374114934,0.23154095042210032,0.2611494033848265,0.23154095042210032,0.16629471976493274,5.615066515496514
WJF,M,短,后段,4.182237426970519,0.7518311680047755,0.1797676916084074,1.0677553564335636,0.1797676916084074,0.8821322163174479,5.238967068073537
WJF,M,漫,前段,3.1615214349723315,0.5193449856078135,0.16427058816141116,0.4816576404074109,0.16427058816141116,0.3322883771949941,4.707873224358083
WJF,M,漫,中段,3.2913835064623647,0.47583690720830857,0.14457048419731136,0.26756312265008253,0.14457048419731136,0.1703788479844218,3.5059581618956597
WJF,M,漫,后段,2.3324216039885903,0.39215268655347607,0.1681311328461672,0.4511804543904332,0.1681311328461672,0.37274532203698657,4.899843015271672
WQX,F,漫,前段,7.4620038289223585,0.4534410384265636,0.06076665850385234,0.7405717218655559,0.06076665850385234,-0.16770014241122475,1.4508901256383988
WQX,F,漫,中段,6.949575237258503,0.4552398017075456,0.06550613327659008,0.7228290216626574,0.06550613327659008,-0.44244913922283924,1.1358520924193058
WQX,F,漫,后段,6.568469183715289,0.3978946011078439,0.060576458529228404,1.821742115520804,0.060576458529228404,-2.465508852847028,1.5466154750753502
WQX,F,短,前段,26.20167183232029,2.1015182985725587,0.08020550413810974,-17.319862837233934,0.08020550413810974,3.9220285876299013,1.915020125196712
WQX,F,短,中段,12.745652235894667,1.2045082507452667,0.09450346113736702,-5.253102358170454,0.09450346113736702,3.215463888369852,1.6386550190729343
WQX,F,短,后段,5.8129550752344175,0.46392771723090104,0.07980927277546393,0.3627046359157795,0.07980927277546393,-0.49087710230784326,2.0376604926398065
WQX,F,长,前段,7.315019710504407,0.5060022385313494,0.06917305196112151,0.7909192392920019,0.06917305196112151,-0.1791011797357358,1.6516046878618567
WQX,F,长,中段,7.478646132023203,0.5086447910850777,0.06801295075415925,1.391124978785272,0.06801295075415925,-0.8515181750715419,1.1793193791417202
WQX,F,长,后段,7.562729857335846,0.49979589330298413,0.06608670450104498,1.9393861467563465,0.06608670450104498,-2.624725900103424,1.6873010136228228
WWZ,F,短,前段,5.616769435281702,0.5381224366951195,0.09580639598893036,2.3896281747422723,0.09580639598893036,16.229752923774935,2.873360017899917
WWZ,F,短,中段,5.101629464706487,0.4463345239419311,0.08748862045542741,1.2780622291134218,0.08748862045542741,-8.26375791981448,1.2287514271087834
WWZ,F,短,后段,7.349589677605332,0.5573796706207926,0.07583820254879861,0.6661362304178482,0.07583820254879861,20.344670130161425,0.777068592834102
WWZ,F,漫,前段,4.5752658308502365,0.5717685976340754,0.12496948128756527,0.39872322668908744,0.12496948128756527,2.708027768726876,3.74799936145047
WWZ,F,漫,中段,3.7898342567726275,0.5072376120088505,0.13384163465787216,0.462550977878863,0.13384163465787216,-2.990784970944609,1.879765605359143
WWZ,F,漫,后段,5.567386424238704,0.5957593899154319,0.10700880889490211,0.16388277120865524,0.10700880889490211,5.005193784708866,1.0964551077711715
WWZ,F,长,前段,4.017080400179267,0.5342635945810565,0.13299798394804704,2.539798323577285,0.13299798394804704,17.24967076617384,3.988784731885413
WWZ,F,长,中段,4.150436945850136,0.5511269308045049,0.13278768910236205,1.4797943993669573,0.13278768910236205,-9.568127755366575,1.864963256222917
WWZ,F,长,后段,4.001632972257875,0.5656109555480536,0.14134503575646876,2.4613477891345665,0.14134503575646876,75.17277481534681,1.4482778381870411
WYX,F,长,前段,10.631141981744657,0.8423544471965789,0.07923461549502717,2.9468606727400743,0.07923461549502717,-2.136720214498332,4.1629035407419535
WYX,F,长,中段,13.331275754219655,0.8659486782120694,0.06495617480104833,5.519771835926251,0.06495617480104833,-2.046322328387165,2.8172902827709096
WYX,F,长,后段,11.53197126795087,0.814128792439179,0.07059753909565909,5.7744076183203905,0.07059753909565909,-1.949107715084365,2.9089911262447674
WYX,F,短,前段,11.457069914186585,1.1849293586112613,0.10342342042829258,-2.342907126620398,0.10342342042829258,1.69880342985037,5.433757965590229
WYX,F,短,中段,6.195281751311706,0.7031866772691684,0.1135035831292556,-1.1259161489664535,0.1135035831292556,0.4174062667818806,4.92289674983403
WYX,F,短,后段,9.04907697648964,1.0791089869339414,0.11925072465816887,-1.7572400996315958,0.11925072465816887,0.5931431346448331,4.913759095183552
WYX,F,漫,前段,7.763061535065712,0.8187753230298185,0.10547067279209552,-1.569503730141939,0.10547067279209552,1.1380213452054904,5.541318456176599
WYX,F,漫,中段,6.417024989024773,0.5962783450146918,0.09292130637398549,-0.060028765258943295,0.09292130637398549,0.022254217447064895,4.030198734941253
WYX,F,漫,后段,6.45060996235178,0.5909968447582359,0.0916187536074137,-0.8685144833278722,0.0916187536074137,0.29316050961592177,3.775176084827012
WZM,M,短,前段,9.252299644069366,1.0281610683372766,0.11112492114285533,-0.8125311480038881,0.11112492114285533,31.46140080638464,1.2185042650384679
WZM,M,短,中段,6.478368288061115,0.6184047682144579,0.0954568713473895,-1.2070682058826625,0.0954568713473895,5.664534524275806,1.2669464012107827
WZM,M,短,后段,7.671522654705622,0.5894537085480916,0.07683659881868793,-0.874399074593371,0.07683659881868793,5.486702594342898,1.1058563697830368
WZM,M,漫,前段,7.376194858257753,0.8178557452259136,0.11087773044801179,-0.2716594766739018,0.11087773044801179,10.518720050901265,1.2157937756824622
WZM,M,漫,中段,7.377006076634773,0.8201658587580233,0.11117868824261086,-0.1356107510608684,0.11117868824261086,0.6363946772051204,1.4756134050077838
WZM,M,漫,后段,5.791436132800902,0.6796046851785075,0.11734648705343341,0.06602091930058762,0.11734648705343341,-0.41426982225008796,1.6888873554374482
WZM,M,长,前段,3.613108222195435,0.44593276971481377,0.12342081728286881,-0.25780286342167,0.12342081728286881,9.982188664481802,1.3533309243961449
WZM,M,长,中段,2.862281768968539,0.4216166130765366,0.14730087640130263,-0.14331344304121663,0.14730087640130263,0.6725419010652992,1.9550432841305176
WZM,M,长,后段,3.6106539234821726,0.38997895535973515,0.10800784667383274,-0.2528490062424318,0.10800784667383274,1.5865836765352537,1.5544827213481172
XBN,F,漫,前段,9.10785763069066,0.7740903260964269,0.0849914829024097,-1.16822121079327,0.0849914829024097,1.282883288592421,2.3221453605485536
XBN,F,漫,中段,4.683106643598644,0.5199250114877159,0.11102139051187385,0.09425187594202367,0.11102139051187385,-0.14237083363896635,1.8643566981706423
XBN,F,漫,后段,5.147835403697405,0.5432458722283221,0.10552899026999556,-0.6110079899669927,0.10552899026999556,0.46755062352925725,2.9668536121582516
XBN,F,短,前段,6.987630526947325,0.6124106413006447,0.08764210399203627,-0.6065429635240243,0.08764210399203627,0.6660757607627371,2.3945658814719977
XBN,F,短,中段,5.161641532736968,0.5640359743679125,0.1092745342330721,-0.29357009913119914,0.1092745342330721,0.44344814707446584,1.8350221421079782
XBN,F,短,后段,3.3081113477505957,0.3596730870590479,0.10872460121501457,-0.08987890840030399,0.10872460121501457,0.0687764159466413,3.056695368921253
XBN,F,长,前段,6.61901700422313,0.5285331202660073,0.07985069685253678,0.09806348699238399,0.07985069685253678,-0.10768851611434416,2.1816883162939855
XBN,F,长,中段,5.3349691075119186,0.5309577573753296,0.09952405471808881,0.9006670855457113,0.09952405471808881,-1.3604898843519821,1.671284580271275
XBN,F,长,后段,6.651505421753344,0.6039432776272818,0.09079798321326209,0.07724858972814985,0.09079798321326209,-0.05911154499976891,2.552704463330238
YXT,F,短,前段,5.624415489520959,0.5581396570905848,0.09923513974571649,-0.5005199353881382,0.09923513974571649,0.7349747400173355,2.515509703855478
YXT,F,短,中段,4.101241882623674,0.4186797900149656,0.10208610025876479,-0.12588866279947597,0.10208610025876479,0.20247884020963208,2.724132899790222
YXT,F,短,后段,3.400114132817471,0.41652718766838664,0.1225038841043949,-0.10856685834662727,0.1225038841043949,0.13617039977928883,3.39697605212943
YXT,F,长,前段,11.265285569006528,0.6542163902257112,0.05807366233356886,-1.1988209276916866,0.05807366233356886,1.76037563613579,1.4721081817675843
YXT,F,长,中段,8.350765848769516,0.43079845939231004,0.05158789830705026,-1.2307886836301716,0.05158789830705026,1.9795957766390246,1.3766055383940698
YXT,F,长,后段,9.784387964193211,0.4417989362398999,0.0451534564917806,-1.3347257710116462,0.0451534564917806,1.6740849334894807,1.2520844665034099
YXT,F,漫,前段,9.60734958141654,0.7249046665780878,0.07545313725028473,0.6531192960123118,0.07545313725028473,-0.9590550762272998,1.9126601668097454
YXT,F,漫,中段,5.9669795870584235,0.648715902258893,0.10871763390407277,1.0717791621771005,0.10871763390407277,-1.7238454749824685,2.9010931219307303
YXT,F,漫,后段,7.309391498771506,0.6713067564297683,0.09184167471978964,1.3234193167674828,0.09184167471978964,-1.6599037697535053,2.5467271661747555
YY,F,短,前段,5.6287358895789135,0.6224051177549372,0.11057635852257042,-0.4260314926397859,0.11057635852257042,5.059869893160338,0.6808937714122796
YY,F,短,中段,7.129683630013422,0.7998062781636098,0.11217977117479815,39.733722274697755,0.11217977117479815,278.85414240245774,0.7605460378540863
YY,F,短,后段,6.333325044937178,0.6453546165752758,0.10189823070760728,-0.08723226518208804,0.10189823070760728,1.3100000559179439,0.6569156076959511
YY,F,漫,前段,6.5204735938499585,0.6083619310487881,0.09330026757912012,-0.5552171720177732,0.09330026757912012,6.5941760207705356,0.5745131410956613
YY,F,漫,中段,4.982966426089614,0.49026627543023904,0.09838843642680849,-0.22281279806123955,0.09838843642680849,-1.5637163639014129,0.6670448219979844
YY,F,漫,后段,3.8833195949830355,0.5215951383373639,0.1343168198185971,0.2208172077353341,0.1343168198185971,-3.3160958720619083,0.8659111615795118
YY,F,长,前段,7.538380746621828,0.7550326438340388,0.10015846495580516,0.8080949434138729,0.10015846495580516,-9.597542307634361,0.6167437222008233
YY,F,长,中段,3.798589283395713,0.6300284058148675,0.16585852241747484,1.223234224305826,0.16585852241747484,8.584746433216758,1.1244722711404713
YY,F,长,后段,4.005602110673661,0.6613662663114674,0.1651103249993642,1.2169770550851675,0.1651103249993642,-18.275806628254102,1.0644301547792814
YYH,F,漫,前段,4.913016732487926,0.9171347182570466,0.18667445445328543,-1.0662047730586575,0.18667445445328543,5.670344326909851,2.5333263235018264
YYH,F,漫,中段,3.7563233403774015,0.8177487208513078,0.21769923586214698,-0.15865863695020677,0.21769923586214698,0.5406486894627525,2.839625819041668
YYH,F,漫,后段,4.7892879283257805,0.9984157537908223,0.20846851739395095,-0.5465788775295879,0.20846851739395095,12.333929338041584,3.4598240149906516
YYH,F,短,前段,9.734574818093703,0.8584281934937499,0.08818342963456248,-2.2090845106306958,0.08818342963456248,11.748465340841289,1.1967218773675996
YYH,F,短,中段,6.690928489817132,0.7427407705483235,0.11100713027776257,-1.4720941023938448,0.11100713027776257,5.016340506409739,1.4479550742845129
YYH,F,短,后段,5.482516203365377,0.7030471000233585,0.12823438617323216,-0.620081004791257,0.12823438617323216,13.99255553292613,2.128227390763837
YYH,F,长,前段,30.958200877994454,3.145697750428711,0.10161112923925496,-1.3727003767712276,0.10161112923925496,7.30036479919559,1.3789468367080062
YYH,F,长,中段,4.553398353588063,0.6893926765312712,0.15140179334145715,-0.1445499996443509,0.15140179334145715,0.492571784125981,1.9748550780116305
YYH,F,长,后段,4.331587871332828,0.8550221957790385,0.19739232382603114,0.3215491929146195,0.19739232382603114,-7.255979305381278,3.2759992294545413
YYX,F,短,前段,12.578691777457419,3.8301895700479758,0.30449824495359307,1.3214649112215575,0.30449824495359307,5.553113317164768,8.10564088120263
YYX,F,短,中段,7.327355153454709,0.601314449456601,0.08206432428392564,0.7743418813463698,0.08206432428392564,14.11424248773284,3.055642223798083
YYX,F,短,后段,9.472773246313874,0.6072109468572259,0.06410065258275964,0.32954164376413075,0.06410065258275964,1.0815548689617576,1.4382079586150462
YYX,F,漫,前段,5.632905969970612,0.4659062086330875,0.08271151890638043,0.8124519842032223,0.08271151890638043,3.4141186002928454,2.2017528182998167
YYX,F,漫,中段,7.318957161916721,0.536588030884577,0.07331482054255567,0.7109702743979458,0.07331482054255567,12.959142590834379,2.7298568925631534
YYX,F,漫,后段,6.710330301044303,0.4668461249063448,0.06957125863591115,-0.1263398765574948,0.06957125863591115,-0.41464716590595274,1.560950377718066
YYX,F,长,前段,3.644856443003065,0.4091734942719489,0.1122605240207549,3.6258712248347074,0.1122605240207549,15.236782765833361,2.9883373974340652
YYX,F,长,中段,4.548014764675071,0.43053143388716475,0.09466359635222593,2.3187873349690644,0.09466359635222593,42.26547409050407,3.5247726048369863
YYX,F,长,后段,4.552044706697989,0.40976172248547515,0.0900170690069326,2.983024561296431,0.0900170690069326,9.790279315387197,2.0196871613720577
ZD,F,漫,前段,7.305115131536221,1.1907637204509691,0.16300410041594496,-0.19759938581638892,0.16300410041594496,4.984889555887846,0.8191932891307854
ZD,F,漫,中段,4.069578643735185,1.1865831117043577,0.2915739479641251,0.08220021748946138,0.2915739479641251,0.35287247956147455,9.186111272117378
ZD,F,漫,后段,5.58718002061822,1.7092529257984397,0.3059240832568182,-0.06954071200471645,0.3059240832568182,-38.903617200738104,10.923682553591934
ZD,F,短,前段,12.813845939631886,2.483098412126815,0.19378244625579985,-0.8646696211483356,0.19378244625579985,21.813238669481446,0.9738729217180475
ZD,F,短,中段,10.546483824419667,2.980085243556534,0.28256671068478284,-0.8169058761706154,0.28256671068478284,-3.506847194529884,8.902335974357984
ZD,F,短,后段,10.413707192927856,3.1402890287586454,0.30155342094612325,-1.3034144384205177,0.30155342094612325,-729.1776989972107,10.767618581371416
ZD,F,长,前段,27.821677899253892,4.6117882665171255,0.16576240596332983,-0.5737575524079546,0.16576240596332983,14.474326520770834,0.8330554274943236
ZD,F,长,中段,30.810706940386194,5.164193763545769,0.16761036264236523,-1.8262268843954743,0.16761036264236523,-7.839701993745661,5.2806070375744065
ZD,F,长,后段,16.747351351998837,4.461207823226607,0.26638288822274875,-0.5683477711745653,0.26638288822274875,-317.95452605041436,9.511778470253592
ZHR,M,长,前段,4.753736045935105,0.48005849775532683,0.10098551815173297,1.7159837921552565,0.10098551815173297,-2.6695463976304694,1.3435179001524802
ZHR,M,长,中段,5.481029234914805,0.4721646429060887,0.08614525167980204,1.2865924791641739,0.08614525167980204,-4.862709326309833,1.1598642323590467
ZHR,M,长,后段,5.66787168793239,0.42770652167483986,0.07546157450696718,1.3013212724208545,0.07546157450696718,-4.251721778505636,0.9650172659220156
ZHR,M,漫,前段,5.192286545813251,0.5580545678376848,0.10747761374758229,1.189025082709942,0.10747761374758229,-1.8497596776563314,1.4298891621132226
ZHR,M,漫,中段,6.89585665831095,0.5797482557119984,0.08407197023349963,1.3167383357247386,0.08407197023349963,-4.976646365598208,1.1319494611291936
ZHR,M,漫,后段,6.623284716554586,0.5585155627947354,0.08432606881578746,0.1613554659959835,0.08432606881578746,-0.5271861479523866,1.0783781402155834
ZHR,M,短,前段,5.949834959677043,0.5572612878177796,0.09365995722476776,1.3393294535821605,0.09365995722476776,-2.0835873476170637,1.2460581612298407
ZHR,M,短,中段,4.951743650075519,0.4451843447619813,0.08990456215462442,0.9937061516432504,0.08990456215462442,-3.7557379274797493,1.2104797877501456
ZHR,M,短,后段,5.879491500089933,0.4208028786019078,0.07157130486462497,2.6423826112142264,0.07157130486462497,-8.633283673557562,0.9152677424263738
ZJM,F,短,前段,9.509384131473139,0.705054001546489,0.07414297201571414,2.8103233460984125,0.07414297201571414,2.276357895555306,1.29939225444463
ZJM,F,短,中段,11.757888935316263,0.7638583675719718,0.06496560494610809,3.4345220090932447,0.06496560494610809,16.781044712669576,1.4479966594849736
ZJM,F,短,后段,9.997257226987706,0.7682030966779385,0.07684138551563581,0.6878675560932788,0.07684138551563581,468.7291943524519,1.4913614232497299
ZJM,F,长,前段,8.159503201504204,0.8381056101426663,0.10271527437946976,9.793627583991526,0.10271527437946976,7.932824352008446,1.8001359847505218
ZJM,F,长,中段,8.580835380375369,0.8680766298532224,0.10116458262776373,5.86827328260196,0.10116458262776373,28.67233230149151,2.2548235766404425
ZJM,F,长,后段,8.350325114691332,0.7890602701296474,0.09449455671389327,7.4826431850180555,0.09449455671389327,5098.849743197894,1.8339796405871474
ZJM,F,漫,前段,6.433371988663913,0.603518798948545,0.09381064860107431,1.6663773247240794,0.09381064860107431,1.3497632524656658,1.6440780139057234
ZJM,F,漫,中段,8.471847094390148,0.7107715927760648,0.08389806672109563,0.8563056980335428,0.08389806672109563,4.1839022048393835,1.869975973442724
ZJM,F,漫,后段,6.5834201310435985,0.6328656117779581,0.09613021790812502,2.476691364511539,0.09613021790812502,1687.675974340828,1.865725059936561
ZYH,M,长,前段,4.137944420599455,1.0786073850554825,0.2606626081505529,0.7897387872576047,0.2606626081505529,2.062113855481977,12.118826521479216
ZYH,M,长,中段,2.3145526887645573,0.8320363323912326,0.3594804025979422,0.4336751344807257,0.3594804025979422,0.7110034042638145,16.604941736570773
ZYH,M,长,后段,1.4225279455035493,0.8014159350910547,0.5633744754359591,0.7938240293334142,0.5633744754359591,-0.03288896240887486,2.1743893193444035
ZYH,M,短,前段,7.62514341351357,2.339468270039159,0.3068097402460738,103.60625636900981,0.3068097402460738,270.5298260897792,14.264316786835547
ZYH,M,短,中段,6.197892546967278,1.6330570746249842,0.26348586430787085,7.41127249160729,0.26348586430787085,12.15066198750148,12.170809294813095
ZYH,M,短,后段,16.457500736779323,4.184631732016739,0.2542689682319077,9.600503633928739,0.2542689682319077,-0.39775893832250103,0.9813716326717565
ZYH,M,漫,前段,14.330765409941645,5.297070522698696,0.3696292815611909,-11.109775169699844,0.3696292815611909,-29.009112479180786,17.184947132547006
ZYH,M,漫,中段,17.91729768825346,4.301244804985395,0.24006102258407427,17.10725413734566,0.24006102258407427,28.04706786757122,11.088780541086921
ZYH,M,漫,后段,17.358152208122668,4.010286331280993,0.23103186809275686,135.19920543809837,0.23103186809275686,-5.6014449311860846,0.8916861666839573
ZZY,M,长,前段,10.209177412608245,2.3280089239536457,0.22803099895967868,-2.5673287032514063,0.22803099895967868,3.6144236656819904,3.428404559989427
ZZY,M,长,中段,13.508210279749724,2.508318748641397,0.185688458847997,-1.8246452040222696,0.185688458847997,0.6500033889336391,1.8384876663983873
ZZY,M,长,后段,15.304980279493936,3.1860321621739836,0.20816963524237422,-2.70829057817509,0.20816963524237422,0.8684244725025546,2.0389674136597153
ZZY,M,漫,前段,7.88792279084137,0.897754947058958,0.1138138608685847,0.5404047560139675,0.1138138608685847,-0.7608109303301446,1.71117068017956
ZZY,M,漫,中段,7.227684006550642,1.258273420345256,0.17409081791689418,-0.29093376739165233,0.17409081791689418,0.10364093487486405,1.7236602832458148
ZZY,M,漫,后段,7.102131061669733,1.3065773621104264,0.18396976214111796,-0.02021148866322875,0.18396976214111796,0.006480896666812925,1.8019359531841685
ZZY,M,短,前段,9.357014730449974,1.6063419802229177,0.17167248599016255,-1.5343464674506135,0.17167248599016255,2.1601356212336897,2.5810645766519937
ZZY,M,短,中段,12.117672495774737,2.585726944476066,0.2133847853519455,-1.7833989456586181,0.2133847853519455,0.635310007635124,2.1127069420494076
ZZY,M,短,后段,9.148666536847546,1.5567617836362422,0.170162698286812,-0.8695008381838143,0.170162698286812,0.278809006989608,1.6666993551833558
